Workbook
Name ACTION: #REF!

Sheet Cover
C2: TEST CASE
B4: Project Name | C4: DateTimeChecker | F4: Creator | G4: Group 9
B5: Project Code | C5: FU-SWT | F5: Reviewer/Approver | G5: TRUCNTT19
B6: Document Code | C6: =C5&"_"&"DateTimeChecker"&"_"&"v0.1" -> FU-SWT_DateTimeChecker_v0.1 | F6: Issue Date | G6: 45809
F7: Version | G7: 0.1
B10: Record of change
B11: Effective Date | C11: Version | D11: Change Item | E11: *A,D,M | F11: Change description | G11: Reference
B12: 45809 | C12: 0.1 | D12: Initial Version | E12: A | F12: Initial creation of test case document for DateTimeChecker. | G12: ProjectIntroduction.docx, Lab1-WringTestCase.docx

Sheet Test case List
D1: TEST CASE LIST
B3: Project Name | D3: DateTimeChecker
B4: Project Code | D4: FU-SWT
B5: Test Environment Setup Description | D5: <List environment requires in this system> 1. Operating System: Windows XP SP2 or higher 2. Framework: .NET Framework 2.0 or higher 3. Hardware: CPU Pentium IV or higher, RAM 512MB or higher 4. Development Tool: Visual Studio 2022
B8: No | C8: Function Name | D8: Sheet Name | E8: Description | F8: Pre-Condition
B9: 1 | C9: Account Creation Management | D9: Module1 | E9: Test the account creation function with valid and invalid data | F9: Application is running, database is connected
B10: 2 | C10: Information Update Management | D10: Module2 | E10: Test the account details update function | F10: Application is running, a test account exists in the system.
B11: 3 | C11: Password Management | D11: Module3 | E11: Test the user password change function | F11: Application is running, valid input is provided.

Sheet Module1
A2: Module Code | B2: Module1 | J2: Pass
A3: Test requirement | B3: Verify the graphical user interface layout of the DateTimeChecker application. | J3: Fail
A4: Tester
A5: Pass | B5: Fail | C5: Untested | D5: N/A | E5: Number of Test cases | J5: Untesed
A6: =COUNTIF(F10:F997,"Pass") -> 1 | B6: =COUNTIF(F10:F997,"Fail") -> 0 | C6: =E6-D6-B6-A6 -> 4 | D6: =COUNTIF(F$10:F$997,"N/A") -> 0 | E6: =COUNTA(A10:A997) -> 5 | J6: N/A
A8: ID | B8: Test Case Description | C8: Test Case Procedure | D8: Expected Output | E8: Inter-test case Dependence | F8: Result | G8: Test date | H8: Note
A10: =IF(OR(B10<B2>"",D10<>""),"["&TEXT($B$2,"##")&"-"&TEXT(ROW()-10,"##")&"]","") -> [Module1-] | B10: Verify successful account creation with valid data. | C10: 1. Send a POST request to the account creation endpoint. 2. Provide a non-existent username, a valid password, a valid roleId, and other information fields. | D10: <Describe results which meet customer's requirement> The FU logo should be displayed at the top-left corner of the form. | E10: <List all test cases or condition that must be done before performing this case> Application must be installed and running on a compatible system (Windows XP SP2+, .NET Framework 2.0+, CPU Pentium IV+, RAM 512MB+). | F10: Untested
A11: =IF(OR(B11<>"",D11<>""),"["&TEXT($B$2,"##")&"-"&TEXT(ROW()-10,"##")&"]","") -> [Module1-1] | B11: Verify the application title "Date Time Checker" has correct formatting. | C11: 1. Launch the Date Time Checker application. 2. Check the title text properties. | D11: The title text should be "Date Time Checker", font color should be Blue, font name should be Arial, font size should be 26. | E11: Application must be installed and running on a compatible system. | F11: Pass
A12: =IF(OR(B12<>"",D12<>""),"["&TEXT($B$2,"##")&"-"&TEXT(ROW()-10,"##")&"]","") -> [Module1-2] | B12: Verify the "Day" label is left-aligned. | C12: 1. Launch the Date Time Checker application. 2. Check the alignment of the "Day" label. | D12: The "Day" label should be left-aligned. | E12: Application must be running, GUI must be displayed. | F12: Untested
A13: =IF(OR(B13<>"",D13<>""),"["&TEXT($B$2,"##")&"-"&TEXT(ROW()-11,"##")&"]","") -> [Module1-2] | B13: Verify the "Month" label is left-aligned. | C13: 1. Launch the Date Time Checker application. 2. Check the alignment of the "Month" label. | D13: The "Month" label should be left-aligned. | E13: Application must be running, GUI must be displayed. | F13: Untested
A14: =IF(OR(B14<>"",D14<>""),"["&TEXT($B$2,"##")&"-"&TEXT(ROW()-11,"##")&"]","") -> [Module1-3] | B14: Verify the "Year" label is left-aligned. | C14: 1. Launch the Date Time Checker application. 2. Check the alignment of the "Year" label. | D14: The "Year" label should be left-aligned. | E14: Application must be running, GUI must be displayed. | F14: Untested

Sheet Module2
A2: Module Code | B2: Module2 | J2: Pass
A3: Test requirement | B3: Verify the input validation for Day, Month, and Year fields in the DateTimeChecker application. | J3: Fail
A4: Tester
A5: Pass | B5: Fail | C5: Untested | D5: N/A | E5: Number of Test cases | J5: Untesed
A6: =COUNTIF(F10:F997,"Pass") -> 4 | B6: =COUNTIF(F10:F997,"Fail") -> 0 | C6: =E6-D6-B6-A6 -> 1 | D6: =COUNTIF(F$10:F$997,"N/A") -> 0 | E6: =COUNTA(A10:A997) -> 5 | J6: N/A
A8: ID | B8: Test Case Description | C8: Test Case Procedure | D8: Expected Output | E8: Inter-test case Dependence | F8: Result | G8: Test date | H8: Note
B9: Function D
A10: =IF(OR(B10<>"",D10<>""),"["&TEXT($B$2,"##")&"-"&TEXT(ROW()-10,"##")&"]","") -> [Module2-] | B10: Verify valid day input at lower boundary (1). | C10: 1. Enter "1" in the Day textbox. 2. Enter "1" in the Month textbox. 3. Enter "2000" in the Year textbox. 4. Click the Check button. | D10: No error message for day validation. | E10: Application must be running, GUI must be displayed. | F10: Untested
A11: =IF(OR(B11<>"",D11<>""),"["&TEXT($B$2,"##")&"-"&TEXT(ROW()-10,"##")&"]","") -> [Module2-1] | B11: Verify valid day input at upper boundary (31). | C11: 1. Enter "31" in the Day textbox. 2. Enter "1" in the Month textbox. 3. Enter "2000" in the Year textbox. 4. Click the Check button. | D11: No error message for day validation. | E11: Application must be running, GUI must be displayed. | F11: Pass
A12: =IF(OR(B12<>"",D12<>""),"["&TEXT($B$2,"##")&"-"&TEXT(ROW()-10,"##")&"]","") -> [Module2-2] | B12: Verify invalid day input below range (0). | C12: 1. Enter "0" in the Day textbox. 2. Click the Check button. | D12: An error message should appear indicating "Day is out of range". | E12: Application must be running, GUI must be displayed. | F12: Pass
A13: =IF(OR(B13<>"",D13<>""),"["&TEXT($B$2,"##")&"-"&TEXT(ROW()-11,"##")&"]","") -> [Module2-2] | B13: Verify invalid day input with non-numeric characters. | C13: 1. Enter "abc" in the Day textbox. 2. Click the Check button. | D13: An error message should appear indicating "Day must be a number". | E13: Application must be running, GUI must be displayed. | F13: Pass
A14: =IF(OR(B14<>"",D14<>""),"["&TEXT($B$2,"##")&"-"&TEXT(ROW()-11,"##")&"]","") -> [Module2-3] | B14: Verify valid month input at upper boundary (12). | C14: 1. Enter "15" in the Day textbox. 2. Enter "12" in the Month textbox. 3. Enter "2000" in the Year textbox. 4. Click the Check button. | D14: No error message for month validation. | E14: Application must be running, GUI must be displayed. | F14: Pass

Sheet Module3
A2: Module Code | B2: Module3 | J2: Pass
A3: Test requirement | B3: Verify the date-time checking algorithm for valid and invalid dates in the DateTimeChecker application. | J3: Fail
A4: Tester
A5: Pass | B5: Fail | C5: Untested | D5: N/A | E5: Number of Test cases | J5: Untesed
A6: =COUNTIF(F9:F996,"Pass") -> 2 | B6: =COUNTIF(F9:F996,"Fail") -> 0 | C6: =E6-D6-B6-A6 -> 3 | D6: =COUNTIF(F$9:F$996,"N/A") -> 0 | E6: =COUNTA(A9:A996) -> 5 | J6: N/A
A8: ID | B8: Test Case Description | C8: Test Case Procedure | D8: Expected Output | E8: Inter-test case Dependence | F8: Result | G8: Test date | H8: Note
A9: =IF(OR(B9<>"",D9<>""),"["&TEXT($B$2,"##")&"-"&TEXT(ROW()-10,"##")&"]","") -> [Module3--1] | B9: Verify successful password change with valid information. | C9: 1. Get a valid accountId. 2. Send a POST request to the change password endpoint. 3. Provide the correct currentPassword, a newPassword, and a matching confirmPassword." | D9: - API returns HTTP status 200 OK. - The account's password in the DB is updated and encrypted with the new password. | E9: Application must be running, valid input must be provided. | F9: Untested
A10: =IF(OR(B10<>"",D10<>""),"["&TEXT($B$2,"##")&"-"&TEXT(ROW()-10,"##")&"]","") -> [Module3-] | B10: Verify failed password change when currentPassword is incorrect. | C10: 1. Get a valid accountId. 2. Send a POST request with an incorrect currentPassword. | D10: - API returns HTTP status 400 Bad Request. - Response body contains the error ""Current password is incorrect"". - The password is not changed. | E10: Application must be running, valid input must be provided. | F10: Pass
A11: =IF(OR(B11<>"",D11<>""),"["&TEXT($B$2,"##")&"-"&TEXT(ROW()-10,"##")&"]","") -> [Module3-1] | B11: Verify failed password change when newPassword and confirmPassword do not match | C11: 1. Get a valid accountId. 2. Send a POST request with different newPassword and confirmPassword. | D11: - API returns HTTP status 400 Bad Request. - Response body contains the error "New password and confirm password do not match" | E11: Application must be running, valid input must be provided. | F11: Pass
A12: =IF(OR(B12<>"",D12<>""),"["&TEXT($B$2,"##")&"-"&TEXT(ROW()-11,"##")&"]","") -> [Module3-1] | B12: Verify failed password change when newPassword is the same as currentPassword | C12: 1. Get a valid accountId. 2. Send a POST request with newPassword identical to currentPassword. | D12: - API returns HTTP status 400 Bad Request. - Response body contains the error "New password must be different from current password". | E12: Application must be running, valid input must be provided. | F12: Untested
A13: =IF(OR(B13<>"",D13<>""),"["&TEXT($B$2,"##")&"-"&TEXT(ROW()-11,"##")&"]","") -> [Module3-2] | B13: Verify failed password change with a non-existent accountId | C13: 1. Use a non-existent accountId. 2. Send a POST request to change the password. | D13: - API returns HTTP status 404 Not Found. - Response body contains the error "Account not found". | E13: Application must be running, valid input must be provided. | F13: Untested

Sheet Test Report
B1: TEST REPORT
B3: Project Name | C3: DateTimeChecker | E3: Creator | H3: Group 9
B4: Project Code | C4: FU-SWT | E4: Reviewer/Approver | H4: TRUCNTT19
B5: Document Code | C5: =C4&"_"&"DateTimeCheckrt"&"_"&"v0.1" -> FU-SWT_DateTimeCheckrt_v0.1 | E5: Issue Date | H5: 45810
B6: Notes | C6: <List modules included in this release> ex: Release 1 includes 2 modules: Module1, Module2 and Module 3
B10: No | C10: Module code | D10: Pass | E10: Fail | F10: Untested | G10: N/A | H10: Number of test cases
B11: 1 | C11: =Module1!B2 -> Module1 | D11: =Module1!A6 -> 1 | E11: =Module1!B6 -> 0 | F11: =Module1!C6 -> 4 | G11: =Module1!D6 -> 0 | H11: =Module1!E6 -> 5
B12: 2 | C12: =Module2!B2 -> Module2 | D12: =Module2!A6 -> 4 | E12: =Module2!B6 -> 0 | F12: =Module2!C6 -> 1 | G12: =Module2!D6 -> 0 | H12: =Module2!E6 -> 5
B13: 3 | C13: =Module3!B2 -> Module3 | D13: =Module3!A6 -> 2 | E13: =Module3!B6 -> 0 | F13: =Module2!C7 -> 0 | G13: =Module2!D7 -> 0 | H13: =Module2!E7 -> 0
C14: Sub total | D14: =SUM(D9:D13) -> 7 | E14: =SUM(E9:E13) -> 0 | F14: =SUM(F9:F13) -> 5 | G14: =SUM(G9:G13) -> 0 | H14: =SUM(H9:H13) -> 10
C16: Test coverage | E16: =(D14+E14)*100/(H14-G14) -> 70 | F16: %
C17: Test successful coverage | E17: =D14*100/(H14-G14) -> 70 | F17: %
